{"cameraMode":{"drawMode":0,"name":"Shaded","section":"Shading Mode"},"sceneLighting":false,"audioPlay":false,"sceneViewState":{"showFog":true,"showMaterialUpdate":true,"showSkybox":false,"showFlares":true,"showImageEffects":true,"showParticleSystems":true},"in2DMode":false,"pivot":{"x":-4.850063323974609,"y":1.4021844863891602,"z":0.8700904250144959},"rotation":{"x":-0.21144744753837586,"y":0.6371983289718628,"z":-0.18793761730194093,"w":-0.7169144153594971},"size":1.9921966791152955,"orthographic":false}