{"cameraMode":{"drawMode":0,"name":"Shaded","section":"Shading Mode"},"sceneLighting":false,"audioPlay":false,"sceneViewState":{"showFog":true,"showMaterialUpdate":true,"showSkybox":false,"showFlares":true,"showImageEffects":true,"showParticleSystems":true},"in2DMode":false,"pivot":{"x":2.4483847618103029,"y":3.1015677452087404,"z":1.0906054973602296},"rotation":{"x":-0.3415704071521759,"y":-0.07685691863298416,"z":0.028038525953888894,"w":-0.9362889528274536},"size":3.31913423538208,"orthographic":false}