{"cameraMode":{"drawMode":0,"name":"Shaded","section":"Shading Mode"},"sceneLighting":true,"audioPlay":false,"sceneViewState":{"showFog":true,"showMaterialUpdate":true,"showSkybox":true,"showFlares":true,"showImageEffects":true,"showParticleSystems":true},"in2DMode":false,"pivot":{"x":-1.5580275058746338,"y":2.641798973083496,"z":1.359063982963562},"rotation":{"x":-0.21144744753837586,"y":0.6371983289718628,"z":-0.18793761730194093,"w":-0.7169144153594971},"size":4.139231204986572,"orthographic":false}